{
  "info": {
    "name": "Notices Management - Super Admin & Institute",
    "schema": "https://schema.getpostman.com/json/collection/v2.1.0/collection.json"
  },
  "item": [
    {
      "name": "Super Admin Notices",
      "item": [
        {
          "name": "Create Notice - All Institutes",
          "request": {
            "method": "POST",
            "header": [{"key": "Content-Type", "value": "application/json"}],
            "body": {
              "mode": "raw",
              "raw": "{\n  \"title\": \"System Maintenance Notice\",\n  \"content\": \"The system will be under maintenance on Sunday\",\n  \"fullDescription\": \"We will be performing system maintenance this Sunday from 2 AM to 6 AM. All services will be temporarily unavailable during this period.\",\n  \"createdBy\": \"60d5ec49f1b2c72b8c8e4f1a\",\n  \"audience\": {\n    \"type\": \"all-institutes\"\n  },\n  \"priority\": \"high\",\n  \"category\": \"announcement\",\n  \"isPinned\": true,\n  \"publishDate\": \"2025-02-06\",\n  \"expiryDate\": \"2025-02-07\"\n}"
            },
            "url": "http://localhost:4000/sms/super-admin-notices"
          }
        },
        {
          "name": "Create Notice - Specific Institutes",
          "request": {
            "method": "POST",
            "header": [{"key": "Content-Type", "value": "application/json"}],
            "body": {
              "mode": "raw",
              "raw": "{\n  \"title\": \"New Feature Launch\",\n  \"content\": \"Exciting new features coming to your institute\",\n  \"fullDescription\": \"We are launching new attendance and grade management features specifically for selected institutes.\",\n  \"docUrl\": \"https://example.com/docs/new-features.pdf\",\n  \"createdBy\": \"60d5ec49f1b2c72b8c8e4f1a\",\n  \"audience\": {\n    \"type\": \"specific-institutes\",\n    \"instituteIds\": [\"60d5ec49f1b2c72b8c8e4f1b\", \"60d5ec49f1b2c72b8c8e4f1c\"]\n  },\n  \"priority\": \"medium\",\n  \"category\": \"news\",\n  \"isPinned\": false\n}"
            },
            "url": "http://localhost:4000/sms/super-admin-notices"
          }
        },
        {
          "name": "Get All Super Admin Notices",
          "request": {
            "method": "GET",
            "url": "http://localhost:4000/sms/super-admin-notices"
          }
        },
        {
          "name": "Get Published Notices",
          "request": {
            "method": "GET",
            "url": "http://localhost:4000/sms/super-admin-notices/published"
          }
        },
        {
          "name": "Get Notices for Institute",
          "request": {
            "method": "GET",
            "url": "http://localhost:4000/sms/super-admin-notices/institute/:institute_id"
          }
        },
        {
          "name": "Get Notice by ID",
          "request": {
            "method": "GET",
            "url": "http://localhost:4000/sms/super-admin-notices/:id"
          }
        },
        {
          "name": "Update Notice",
          "request": {
            "method": "PUT",
            "header": [{"key": "Content-Type", "value": "application/json"}],
            "body": {
              "mode": "raw",
              "raw": "{\n  \"title\": \"Updated System Maintenance Notice\",\n  \"priority\": \"urgent\",\n  \"isPinned\": true\n}"
            },
            "url": "http://localhost:4000/sms/super-admin-notices/:id"
          }
        },
        {
          "name": "Publish Notice",
          "request": {
            "method": "PATCH",
            "url": "http://localhost:4000/sms/super-admin-notices/:id/publish"
          }
        },
        {
          "name": "Archive Notice",
          "request": {
            "method": "PATCH",
            "url": "http://localhost:4000/sms/super-admin-notices/:id/archive"
          }
        },
        {
          "name": "Delete Notice",
          "request": {
            "method": "DELETE",
            "url": "http://localhost:4000/sms/super-admin-notices/:id"
          }
        }
      ]
    },
    {
      "name": "Institute Notices",
      "item": [
        {
          "name": "Create Notice - All",
          "request": {
            "method": "POST",
            "header": [{"key": "Content-Type", "value": "application/json"}],
            "body": {
              "mode": "raw",
              "raw": "{\n  \"title\": \"School Holiday Announcement\",\n  \"content\": \"School will be closed next Monday\",\n  \"fullDescription\": \"Due to a local festival, the school will remain closed next Monday. Classes will resume on Tuesday.\",\n  \"instituteId\": \"60d5ec49f1b2c72b8c8e4f1b\",\n  \"createdBy\": \"60d5ec49f1b2c72b8c8e4f1c\",\n  \"createdByRole\": \"institute_admin\",\n  \"audience\": {\n    \"type\": \"all\"\n  },\n  \"category\": \"announcement\",\n  \"isPinned\": true,\n  \"publishDate\": \"2025-02-06\"\n}"
            },
            "url": "http://localhost:4000/sms/notices"
          }
        },
        {
          "name": "Create Notice - Specific Classes",
          "request": {
            "method": "POST",
            "header": [{"key": "Content-Type", "value": "application/json"}],
            "body": {
              "mode": "raw",
              "raw": "{\n  \"title\": \"Mathematics Exam Postponed\",\n  \"content\": \"The math exam scheduled for Friday is postponed to Monday\",\n  \"fullDescription\": \"Due to unforeseen circumstances, the mathematics examination has been rescheduled from Friday to Monday next week.\",\n  \"instituteId\": \"60d5ec49f1b2c72b8c8e4f1b\",\n  \"createdBy\": \"60d5ec49f1b2c72b8c8e4f1d\",\n  \"createdByRole\": \"teacher\",\n  \"audience\": {\n    \"type\": \"specific-classes\",\n    \"classIds\": [\"60d5ec49f1b2c72b8c8e4f1e\"],\n    \"sectionIds\": [\"60d5ec49f1b2c72b8c8e4f1f\"]\n  },\n  \"category\": \"urgent\",\n  \"isPinned\": false\n}"
            },
            "url": "http://localhost:4000/sms/notices"
          }
        },
        {
          "name": "Create Notice - Specific Students",
          "request": {
            "method": "POST",
            "header": [{"key": "Content-Type", "value": "application/json"}],
            "body": {
              "mode": "raw",
              "raw": "{\n  \"title\": \"Parent-Teacher Meeting\",\n  \"content\": \"Parent-teacher meeting scheduled for selected students\",\n  \"fullDescription\": \"A special parent-teacher meeting has been arranged to discuss the academic progress of selected students.\",\n  \"instituteId\": \"60d5ec49f1b2c72b8c8e4f1b\",\n  \"createdBy\": \"60d5ec49f1b2c72b8c8e4f1c\",\n  \"createdByRole\": \"institute_admin\",\n  \"audience\": {\n    \"type\": \"specific-users\",\n    \"studentIds\": [\"60d5ec49f1b2c72b8c8e4f20\", \"60d5ec49f1b2c72b8c8e4f21\"]\n  },\n  \"category\": \"academic\",\n  \"isPinned\": false\n}"
            },
            "url": "http://localhost:4000/sms/notices"
          }
        },
        {
          "name": "Create Notice - Teachers Only",
          "request": {
            "method": "POST",
            "header": [{"key": "Content-Type", "value": "application/json"}],
            "body": {
              "mode": "raw",
              "raw": "{\n  \"title\": \"Staff Meeting Tomorrow\",\n  \"content\": \"All teaching staff must attend tomorrow's meeting\",\n  \"fullDescription\": \"An important staff meeting has been scheduled for tomorrow at 4 PM in the conference hall. Attendance is mandatory.\",\n  \"instituteId\": \"60d5ec49f1b2c72b8c8e4f1b\",\n  \"createdBy\": \"60d5ec49f1b2c72b8c8e4f1c\",\n  \"createdByRole\": \"institute_admin\",\n  \"audience\": {\n    \"type\": \"teachers\"\n  },\n  \"category\": \"events\",\n  \"isPinned\": true\n}"
            },
            "url": "http://localhost:4000/sms/notices"
          }
        },
        {
          "name": "Get All Notices",
          "request": {
            "method": "GET",
            "url": "http://localhost:4000/sms/notices"
          }
        },
        {
          "name": "Get Notices with Filters",
          "request": {
            "method": "GET",
            "url": {
              "raw": "http://localhost:4000/sms/notices?instituteId=60d5ec49f1b2c72b8c8e4f1b&status=published&category=urgent",
              "query": [
                {"key": "instituteId", "value": "60d5ec49f1b2c72b8c8e4f1b"},
                {"key": "status", "value": "published"},
                {"key": "category", "value": "urgent"}
              ]
            }
          }
        },
        {
          "name": "Get Notice by ID",
          "request": {
            "method": "GET",
            "url": "http://localhost:4000/sms/notices/:id"
          }
        },
        {
          "name": "Get Notices for Student",
          "request": {
            "method": "GET",
            "url": "http://localhost:4000/sms/notices/student/:student_id/institute/:institute_id"
          }
        },
        {
          "name": "Get Notices for Teacher",
          "request": {
            "method": "GET",
            "url": "http://localhost:4000/sms/notices/teacher/:teacher_id/institute/:institute_id"
          }
        },
        {
          "name": "Get Notices for Class",
          "request": {
            "method": "GET",
            "url": {
              "raw": "http://localhost:4000/sms/notices/class/:class_id/institute/:institute_id?section_id=60d5ec49f1b2c72b8c8e4f1f",
              "query": [
                {"key": "section_id", "value": "60d5ec49f1b2c72b8c8e4f1f"}
              ]
            }
          }
        },
        {
          "name": "Update Notice",
          "request": {
            "method": "PUT",
            "header": [{"key": "Content-Type", "value": "application/json"}],
            "body": {
              "mode": "raw",
              "raw": "{\n  \"title\": \"Updated Notice Title\",\n  \"isPinned\": true,\n  \"category\": \"urgent\"\n}"
            },
            "url": "http://localhost:4000/sms/notices/:id"
          }
        },
        {
          "name": "Publish Notice",
          "request": {
            "method": "PATCH",
            "url": "http://localhost:4000/sms/notices/:id/publish"
          }
        },
        {
          "name": "Archive Notice",
          "request": {
            "method": "PATCH",
            "url": "http://localhost:4000/sms/notices/:id/archive"
          }
        },
        {
          "name": "Delete Notice",
          "request": {
            "method": "DELETE",
            "url": "http://localhost:4000/sms/notices/:id"
          }
        }
      ]
    }
  ]
}